{"insightID":"3cd294b9-9be9-40ba-88bd-9e18f5d1a005","pixelReturn":[{"pixelExpression":"Frame ( ) | Select ( HCVprevalence , num_SSPs , STATEABBREVIATION , NATIONALDATAPIVOTED , op_rel_inpat , DVH_funds , HOPWA_funds , drugdeaths , AMAT_fac , HIVprevalence , DHAP_funds , HIVdiagnoses , Med_MH_fac , STATE_1 , YEAR , Med_SA_fac , pctunins , pctunmetneed , Population , RW_funds , mme_percap , HCVcases , CDC_consult , pct_tx_med , HCVacuterate , nonmedpain , partD30dayrxrate , MH_fac , TMAT_fac , SMAT_fac , bup_phys , Med_TMAT_fac , CURES_funds , PLHIV , PDMP_check_req , HCVacute , SA_fac , drugdep , Med_AMAT_fac , fentanyl_seize , SSP_legality , HIVincidence , Med_SMAT_fac , drugdeathrate ) | Format ( type = [ 'table' ] ) | TaskOptions ( { \"0\" : { \"layout\" : \"Grid\" , \"alignment\" : { \"label\" : [ \"HCVprevalence\" , \"num_SSPs\" , \"STATEABBREVIATION\" , \"NATIONALDATAPIVOTED\" , \"op_rel_inpat\" , \"DVH_funds\" , \"HOPWA_funds\" , \"drugdeaths\" , \"AMAT_fac\" , \"HIVprevalence\" , \"DHAP_funds\" , \"HIVdiagnoses\" , \"Med_MH_fac\" , \"STATE_1\" , \"YEAR\" , \"Med_SA_fac\" , \"pctunins\" , \"pctunmetneed\" , \"Population\" , \"RW_funds\" , \"mme_percap\" , \"HCVcases\" , \"CDC_consult\" , \"pct_tx_med\" , \"HCVacuterate\" , \"nonmedpain\" , \"partD30dayrxrate\" , \"MH_fac\" , \"TMAT_fac\" , \"SMAT_fac\" , \"bup_phys\" , \"Med_TMAT_fac\" , \"CURES_funds\" , \"PLHIV\" , \"PDMP_check_req\" , \"HCVacute\" , \"SA_fac\" , \"drugdep\" , \"Med_AMAT_fac\" , \"fentanyl_seize\" , \"SSP_legality\" , \"HIVincidence\" , \"Med_SMAT_fac\" , \"drugdeathrate\" ] } } } ) | Collect ( 500 ) ;","isMeta":false,"output":{"data":{"values":[[null,297,"US",14,null,null,null,null,null,null,null,null,null,"United_States",2018,null,null,null,null,null,null,null,null,null,null,null,null,null,null,null,null,null,null,null,null,null,null,null,null,null,null,null,null,null],[null,null,"US",4,165.7,null,null,null,0,314.0,null,48213,null,"United_States",2008,5247,null,null,null,null,null,null,null,null,null,null,null,null,422,2224,null,201,null,788114,null,null,11267,null,0,null,null,19.2,1217,null],[null,null,"US",9,213.7,null,null,43982,0,349.6,null,39466,null,"United_States",2013,6761,null,null,316000000,null,null,null,null,null,9.73,null,null,null,576,2967,null,358,null,921188,null,29718.2,11696,null,0,null,null,15.0,1878,13.91],[null,null,"US",8,210.4,null,null,41502,0,343.5,null,40928,null,"United_States",2012,6516,null,null,314000000,null,null,null,null,null,8.34,null,null,null,552,2834,null,354,null,896979,null,24714.2,11541,null,0,null,null,15.7,1789,13.22],[null,295,"US",13,null,null,320000000,null,319,null,null,null,9123,"United_States",2017,7466,null,null,null,null,null,null,null,null,null,null,null,10223,2761,4950,24241,1797,null,null,null,null,12029,null,234,null,null,null,3346,null],[null,null,"US",2,164.2,null,null,null,0,null,null,null,null,"United_States",2006,5683,null,null,null,null,null,null,null,null,null,null,null,null,0,991,null,0,null,null,null,null,10778,null,0,null,null,null,622,null],[null,null,"US",11,251.3,null,null,52404,269,362.3,null,39741,9268,"United_States",2015,7107,13.0,null,321000000,null,642.05,null,null,null,11.12,null,2.08,10430,2212,4185,null,1380,null,971524,null,33860.4,11926,null,185,13002,null,14.8,2765,16.33],[null,null,"US",5,181.4,null,null,null,0,322.2,null,45601,null,"United_States",2009,5969,null,null,307000000,null,null,null,null,null,null,null,null,null,481,2312,null,275,null,815891,null,null,11261,null,0,null,null,18.0,1413,null],[null,null,"US",10,224.6,null,null,47055,254,355.8,null,40096,null,"United_States",2014,6739,null,null,319000000,null,null,null,null,null,9.73,null,null,null,1950,3917,null,1208,null,946029,null,30496.6,11478,null,175,null,null,15.1,2571,14.77],[null,null,"US",12,null,17400000,null,63632,289,null,530000000,39660,9624,"United_States",2016,7285,11.7,88.89,323000000,2.22E9,null,null,null,24.2,null,4.31,null,10828,2356,4440,null,1511,null,null,null,null,11712,2.7,210,28751,null,14.7,3023,19.69],[null,null,"US",1,136.8,null,null,null,0,null,null,null,null,"United_States",2005,5750,null,null,null,null,null,null,null,null,null,null,null,null,0,1028,null,0,null,null,null,null,11059,null,0,null,null,null,645,null],[null,null,"US",7,207.8,null,null,41340,0,336.8,null,41786,null,"United_States",2011,6182,null,null,312000000,null,null,null,null,null,5.56,null,null,null,546,2689,null,342,null,871458,null,17124.8,11276,null,0,null,null,16.1,1703,13.26],[null,null,"US",3,159.0,null,null,null,0,null,null,null,null,"United_States",2007,5772,null,null,null,null,null,null,null,null,null,null,null,null,312,1031,null,151,null,null,null,null,10973,null,0,null,null,null,643,null],[1249,null,"US",6,197.1,null,null,38329,0,329.7,null,43547,null,"United_States",2010,6082,null,null,309000000,null,789.9,3862600,null,null,4.17,null,null,null,551,2524,null,322,null,845351,null,11815.0,11251,null,0,null,null,17.0,1571,12.39]],"headers":["HCVprevalence","num_SSPs","STATEABBREVIATION","NATIONALDATAPIVOTED","op_rel_inpat","DVH_funds","HOPWA_funds","drugdeaths","AMAT_fac","HIVprevalence","DHAP_funds","HIVdiagnoses","Med_MH_fac","STATE_1","YEAR","Med_SA_fac","pctunins","pctunmetneed","Population","RW_funds","mme_percap","HCVcases","CDC_consult","pct_tx_med","HCVacuterate","nonmedpain","partD30dayrxrate","MH_fac","TMAT_fac","SMAT_fac","bup_phys","Med_TMAT_fac","CURES_funds","PLHIV","PDMP_check_req","HCVacute","SA_fac","drugdep","Med_AMAT_fac","fentanyl_seize","SSP_legality","HIVincidence","Med_SMAT_fac","drugdeathrate"],"rawHeaders":["HCVPREVALENCE","NUM_SSPS","STATEABBREVIATION","NATIONALDATAPIVOTED","OP_REL_INPAT","DVH_FUNDS","HOPWA_FUNDS","DRUGDEATHS","AMAT_FAC","HIVPREVALENCE","DHAP_FUNDS","HIVDIAGNOSES","MED_MH_FAC","STATE_1","YEAR","MED_SA_FAC","PCTUNINS","PCTUNMETNEED","POPULATION","RW_FUNDS","MME_PERCAP","HCVCASES","CDC_CONSULT","PCT_TX_MED","HCVACUTERATE","NONMEDPAIN","PARTD30DAYRXRATE","MH_FAC","TMAT_FAC","SMAT_FAC","BUP_PHYS","MED_TMAT_FAC","CURES_FUNDS","PLHIV","PDMP_CHECK_REQ","HCVACUTE","SA_FAC","DRUGDEP","MED_AMAT_FAC","FENTANYL_SEIZE","SSP_LEGALITY","HIVINCIDENCE","MED_SMAT_FAC","DRUGDEATHRATE"]},"format":{"type":"TABLE"},"headerInfo":[{"alias":"HCVprevalence","header":"HCVprevalence","type":"NUMBER","derived":false},{"alias":"num_SSPs","header":"num_SSPs","type":"NUMBER","derived":false},{"alias":"STATEABBREVIATION","header":"STATEABBREVIATION","type":"STRING","derived":false},{"alias":"NATIONALDATAPIVOTED","header":"NATIONALDATAPIVOTED","type":"NUMBER","derived":false},{"alias":"op_rel_inpat","header":"op_rel_inpat","type":"NUMBER","derived":false},{"alias":"DVH_funds","header":"DVH_funds","type":"NUMBER","derived":false},{"alias":"HOPWA_funds","header":"HOPWA_funds","type":"NUMBER","derived":false},{"alias":"drugdeaths","header":"drugdeaths","type":"NUMBER","derived":false},{"alias":"AMAT_fac","header":"AMAT_fac","type":"NUMBER","derived":false},{"alias":"HIVprevalence","header":"HIVprevalence","type":"NUMBER","derived":false},{"alias":"DHAP_funds","header":"DHAP_funds","type":"NUMBER","derived":false},{"alias":"HIVdiagnoses","header":"HIVdiagnoses","type":"NUMBER","derived":false},{"alias":"Med_MH_fac","header":"Med_MH_fac","type":"NUMBER","derived":false},{"alias":"STATE_1","header":"STATE_1","type":"STRING","derived":false},{"alias":"YEAR","header":"YEAR","type":"NUMBER","derived":false},{"alias":"Med_SA_fac","header":"Med_SA_fac","type":"NUMBER","derived":false},{"alias":"pctunins","header":"pctunins","type":"NUMBER","derived":false},{"alias":"pctunmetneed","header":"pctunmetneed","type":"NUMBER","derived":false},{"alias":"Population","header":"Population","type":"NUMBER","derived":false},{"alias":"RW_funds","header":"RW_funds","type":"NUMBER","derived":false},{"alias":"mme_percap","header":"mme_percap","type":"NUMBER","derived":false},{"alias":"HCVcases","header":"HCVcases","type":"NUMBER","derived":false},{"alias":"CDC_consult","header":"CDC_consult","type":"NUMBER","derived":false},{"alias":"pct_tx_med","header":"pct_tx_med","type":"NUMBER","derived":false},{"alias":"HCVacuterate","header":"HCVacuterate","type":"NUMBER","derived":false},{"alias":"nonmedpain","header":"nonmedpain","type":"NUMBER","derived":false},{"alias":"partD30dayrxrate","header":"partD30dayrxrate","type":"NUMBER","derived":false},{"alias":"MH_fac","header":"MH_fac","type":"NUMBER","derived":false},{"alias":"TMAT_fac","header":"TMAT_fac","type":"NUMBER","derived":false},{"alias":"SMAT_fac","header":"SMAT_fac","type":"NUMBER","derived":false},{"alias":"bup_phys","header":"bup_phys","type":"NUMBER","derived":false},{"alias":"Med_TMAT_fac","header":"Med_TMAT_fac","type":"NUMBER","derived":false},{"alias":"CURES_funds","header":"CURES_funds","type":"NUMBER","derived":false},{"alias":"PLHIV","header":"PLHIV","type":"NUMBER","derived":false},{"alias":"PDMP_check_req","header":"PDMP_check_req","type":"NUMBER","derived":false},{"alias":"HCVacute","header":"HCVacute","type":"NUMBER","derived":false},{"alias":"SA_fac","header":"SA_fac","type":"NUMBER","derived":false},{"alias":"drugdep","header":"drugdep","type":"NUMBER","derived":false},{"alias":"Med_AMAT_fac","header":"Med_AMAT_fac","type":"NUMBER","derived":false},{"alias":"fentanyl_seize","header":"fentanyl_seize","type":"NUMBER","derived":false},{"alias":"SSP_legality","header":"SSP_legality","type":"NUMBER","derived":false},{"alias":"HIVincidence","header":"HIVincidence","type":"NUMBER","derived":false},{"alias":"Med_SMAT_fac","header":"Med_SMAT_fac","type":"NUMBER","derived":false},{"alias":"drugdeathrate","header":"drugdeathrate","type":"NUMBER","derived":false}],"sortInfo":[],"numCollected":500,"taskOptions":{"0":{"layout":"Grid","alignment":{"label":["HCVprevalence","num_SSPs","STATEABBREVIATION","NATIONALDATAPIVOTED","op_rel_inpat","DVH_funds","HOPWA_funds","drugdeaths","AMAT_fac","HIVprevalence","DHAP_funds","HIVdiagnoses","Med_MH_fac","STATE_1","YEAR","Med_SA_fac","pctunins","pctunmetneed","Population","RW_funds","mme_percap","HCVcases","CDC_consult","pct_tx_med","HCVacuterate","nonmedpain","partD30dayrxrate","MH_fac","TMAT_fac","SMAT_fac","bup_phys","Med_TMAT_fac","CURES_funds","PLHIV","PDMP_check_req","HCVacute","SA_fac","drugdep","Med_AMAT_fac","fentanyl_seize","SSP_legality","HIVincidence","Med_SMAT_fac","drugdeathrate"]}}},"filterInfo":[],"taskId":"task1"},"operationType":["TASK_DATA"]}]}